序号,链接,节点数
0, +https://free.datiya.com/uploads/%Y%m%d-clash.yaml,0
1,https://nodefree.githubrowcontent.com/dy/2025/12/20251211.yaml,0
2,https://oneclash.githubrowcontent.com/2025/12/20251213.yaml,30
3,https://v2rayshare.githubrowcontent.com/2025/12/20251213.yaml,30
4,https://raw.githubusercontent.com/Surfboardv2ray/TGParse/main/python/hy2,95
5,https://raw.githubusercontent.com/Surfboardv2ray/TGParse/main/python/hysteria2,242
6,https://raw.githubusercontent.com/aiboboxx/v2rayfree/main/v2,2055
7,https://raw.githubusercontent.com/anaer/Sub/main/clash.yaml,0

总计,,877
